{
  "project_info": {
    "project_number": "464394607461",
    "project_id": "safety-app-487c6",
    "storage_bucket": "safety-app-487c6.firebasestorage.app"
  },
  "client": [
    {
      "client_info": {
        "mobilesdk_app_id": "1:464394607461:android:adfdd7d2290116cd98df8c",
        "android_client_info": {
          "package_name": "com.example.safety_app_prototype"
        }
      },
      "oauth_client": [],
      "api_key": [
        {
          "current_key": "AIzaSyDzNbS8ptfgNGk8qySeGOwmC1_FWRmwSaE"
        }
      ],
      "services": {
        "appinvite_service": {
          "other_platform_oauth_client": []
        }
      }
    }
  ],
  "configuration_version": "1"
}