{
  "indexes": [
    {
      "collectionGroup": "invitations",
      "queryScope": "COLLECTION",
      "fields": [
        {
          "fieldPath": "senderUserId",
          "order": "ASCENDING"
        },
        {
          "fieldPath": "sentAt",
          "order": "DESCENDING"
        }
      ]
    },
    {
      "collectionGroup": "invitations",
      "queryScope": "COLLECTION",
      "fields": [
        {
          "fieldPath": "recipientEmail",
          "order": "ASCENDING"
        },
        {
          "fieldPath": "status",
          "order": "ASCENDING"
        },
        {
          "fieldPath": "sentAt",
          "order": "DESCENDING"
        }
      ]
    },
    {
      "collectionGroup": "invitations",
      "queryScope": "COLLECTION",
      "fields": [
        {
          "fieldPath": "recipientUserId",
          "order": "ASCENDING"
        },
        {
          "fieldPath": "status",
          "order": "ASCENDING"
        },
        {
          "fieldPath": "sentAt",
          "order": "DESCENDING"
        }
      ]
    }
  ],
  "fieldOverrides": []
}
